소분류코드,상품분류
A010101,생활잡화
A010102,생활잡화
A010103,생활잡화
A010104,생활잡화
A010105,생활잡화
A010106,생활잡화
A010201,식료품
A010202,식료품
A010203,식료품
A010204,식료품
A010205,식료품
A010206,식료품
A010207,식료품
A010301,식료품
A010302,식료품
A010303,식료품
A010304,식료품
A010305,식료품
A010306,식료품
A010401,식료품
A010402,식료품
A010403,식료품
A010404,식료품
A010405,식료품
A010406,식료품
A010407,식료품
A010408,식료품
A010409,식료품
A010410,식료품
A010411,식료품
A010412,식료품
A010413,식료품
A010414,식료품
A010501,식료품
A010502,식료품
A010503,식료품
A010504,식료품
A010505,식료품
A010506,식료품
A010507,식료품
A010508,식료품
A010509,식료품
A010510,식료품
A010511,식료품
A010512,식료품
A010514,식료품
A010515,식료품
A010516,식료품
A010517,식료품
A010518,식료품
A010519,식료품
A010520,식료품
A010521,식료품
A010601,식료품
A010602,식료품
A010603,식료품
A010604,식료품
A010605,식료품
A010606,식료품
A010607,식료품
A010608,식료품
A010609,식료품
A010610,식료품
A010611,식료품
A010612,식료품
A010613,식료품
A010614,식료품
A010615,식료품
A010616,식료품
A010617,식료품
A010618,식료품
A010619,식료품
A010620,식료품
A010621,식료품
A010622,식료품
A010623,식료품
A010624,식료품
A010625,기타
A010626,기타
A010627,기타
A010628,기타
A010629,기타
A010630,기타
A010631,기타
A010632,기타
A010633,기타
A010634,기타
A010635,기타
A010636,기타
A010637,기타
A010638,기타
A010639,기타
A010640,기타
A010641,기타
A010642,기타
A010643,기타
A010644,기타
A010645,기타
A010646,기타
A010647,기타
A010648,기타
A010649,기타
A010650,기타
A010652,기타
A010653,기타
A010654,기타
A010655,기타
A010656,식료품
A010701,식료품
A010702,식료품
A010703,식료품
A010704,식료품
A010705,식료품
A010706,식료품
A010707,식료품
A010708,식료품
A010710,식료품
A010801,고급식료품
A010802,고급식료품
A010803,고급식료품
A010901,기호품
A010902,식료품
A010903,식료품
A010904,식료품
A010905,식료품
A011001,기호품
A011002,기호품
A011003,기호품
A011004,기호품
A011101,기타
A011102,기타
A011103,기타
A011104,기타
A011105,기타
A011106,기타
A011107,기타
A011108,기타
A011109,기타
A020101,의류잡화
A020102,의류잡화
A020103,의류잡화
A020104,의류잡화
A020105,의류잡화
A020106,의류잡화
A020107,의류잡화
A020108,의류잡화
A020109,의류잡화
A020110,의류잡화
A020111,의류잡화
A020112,의류잡화
A020113,의류잡화
A020114,의류잡화
A020115,의류잡화
A020116,의류잡화
A020201,의류잡화
A020202,의류잡화
A020203,의류잡화
A020204,의류잡화
A020205,의류잡화
A020206,의류잡화
A020207,의류잡화
A020208,의류잡화
A020209,의류잡화
A020210,의류잡화
A020211,의류잡화
A020212,의류잡화
A020213,의류잡화
A020214,의류잡화
A020301,화장품
A020302,화장품
A020303,화장품
A020304,화장품
A020305,화장품
A020306,화장품
A020307,화장품
A020308,화장품
A020309,화장품
A020310,화장품
A020311,화장품
A020312,화장품
A020401,사치품
A020402,사치품
A020501,사치품
A020601,의류잡화
A020602,의류잡화
A020603,의류잡화
A020604,기타
A020605,기타
A020606,기타
A020607,의류잡화
A020608,의류잡화
A020609,의류잡화
A020701,의류잡화
A020702,의류잡화
A020703,의류잡화
A020704,의류잡화
A020705,의류잡화
A020706,의류잡화
A020707,의류잡화
A020708,의류잡화
A020709,의류잡화
A020710,의류잡화
A030101,의류잡화
A030102,의류잡화
A030103,의류잡화
A030104,의류잡화
A030105,의류잡화
A030106,의류잡화
A030107,의류잡화
A030108,의류잡화
A030109,의류잡화
A030110,생활잡화
A030111,의류잡화
A030112,문구류
A030113,가구류
A030114,기타
A040201,의류잡화
A040202,의류잡화
A040203,의류잡화
A040204,의류잡화
A040205,의류잡화
A040206,의류잡화
A040207,의류잡화
A040208,의류잡화
A040209,의류잡화
A040210,의류잡화
A040211,의류잡화
A040212,의류잡화
A040213,의류잡화
A040214,의류잡화
A040215,의류잡화
A040216,의류잡화
A040217,의류잡화
A040218,의류잡화
A040219,의류잡화
A040220,의류잡화
A040221,의류잡화
A040222,의류잡화
A040223,의류잡화
A040224,의류잡화
A040225,의류잡화
A040227,의류잡화
A040228,의류잡화
A040229,의류잡화
A040230,의류잡화
A040231,의류잡화
A040232,의류잡화
A040233,의류잡화
A040234,의류잡화
A040235,의류잡화
A040237,의류잡화
A040238,의류잡화
A040239,의류잡화
A040240,의류잡화
A040241,의류잡화
A040242,의류잡화
A040243,의류잡화
A040244,의류잡화
A040245,의류잡화
A040246,의류잡화
A040247,의류잡화
A040248,의류잡화
A040249,의류잡화
A040250,의류잡화
A040251,의류잡화
A040252,의류잡화
A040253,의류잡화
A040254,의류잡화
A040255,의류잡화
A040256,의류잡화
A040257,의류잡화
A040258,의류잡화
A040259,의류잡화
A040260,의류잡화
A040261,의류잡화
A040301,의류잡화
A040302,의류잡화
A040303,의류잡화
A040304,의류잡화
A040305,의류잡화
A040306,의류잡화
A040307,의류잡화
A040308,의류잡화
A040401,의류잡화
A040501,의류잡화
A040502,의류잡화
A040503,의류잡화
A040504,의류잡화
A040601,의류잡화
A040602,의류잡화
A040603,의류잡화
A040604,의류잡화
A040701,의류잡화
A040801,의류잡화
A040802,의류잡화
A040803,의류잡화
A040901,의류잡화
A040902,의류잡화
A040903,의류잡화
A041001,의류잡화
A041002,의류잡화
A041003,의류잡화
A041004,의류잡화
A050101,의류잡화
A050102,의류잡화
A050103,의류잡화
A050104,의류잡화
A050105,의류잡화
A050106,의류잡화
A050107,의류잡화
A050108,의류잡화
A050109,의류잡화
A050110,의류잡화
A050111,의류잡화
A050112,의류잡화
A050113,의류잡화
A050114,의류잡화
A050115,의류잡화
A050116,의류잡화
A050201,의류잡화
A050202,의류잡화
A050203,의류잡화
A050204,의류잡화
A050205,의류잡화
A050206,의류잡화
A050207,의류잡화
A050208,의류잡화
A050209,의류잡화
A050210,의류잡화
A050211,의류잡화
A050212,의류잡화
A050213,의류잡화
A050214,의류잡화
A050215,의류잡화
A050216,의류잡화
A050217,의류잡화
A050218,의류잡화
A050219,의류잡화
A050220,의류잡화
A050221,의류잡화
A050222,의류잡화
A050223,의류잡화
A050224,의류잡화
A050225,의류잡화
A050226,의류잡화
A050227,의류잡화
A050228,의류잡화
A050229,의류잡화
A050230,의류잡화
A050301,의류잡화
A050302,의류잡화
A050303,의류잡화
A050304,의류잡화
A050305,의류잡화
A050306,의류잡화
A050307,의류잡화
A050308,의류잡화
A050309,의류잡화
A050310,의류잡화
A050311,의류잡화
A050312,의류잡화
A050401,의류잡화
A050501,의류잡화
A050502,의류잡화
A050503,의류잡화
A050504,의류잡화
A050601,의류잡화
A050602,의류잡화
A050603,의류잡화
A050604,의류잡화
A050605,의류잡화
A050606,의류잡화
A050607,의류잡화
A050608,의류잡화
A050609,의류잡화
A050610,의류잡화
A050611,의류잡화
A050612,의류잡화
A050613,의류잡화
A050614,의류잡화
A050615,의류잡화
A050616,의류잡화
A050617,의류잡화
A050618,의류잡화
A050619,의류잡화
A050620,의류잡화
A050621,의류잡화
A050622,의류잡화
A050623,의류잡화
A050624,의류잡화
A050625,의류잡화
A050626,의류잡화
A050627,의류잡화
A050628,의류잡화
A050629,의류잡화
A050630,의류잡화
A050631,의류잡화
A050632,의류잡화
A060101,레저취미
A060102,레저취미
A060103,레저취미
A060104,레저취미
A060105,레저취미
A060106,레저취미
A060107,레저취미
A060108,레저취미
A060109,레저취미
A060110,레저취미
A060111,레저취미
A060112,레저취미
A060113,레저취미
A060114,의류잡화
A060115,의류잡화
A060116,의류잡화
A060117,의류잡화
A060118,의류잡화
A060119,의류잡화
A060120,의류잡화
A060121,의류잡화
A060122,의류잡화
A060123,의류잡화
A060124,의류잡화
A060125,의류잡화
A060126,의류잡화
A060127,의류잡화
A060128,의류잡화
A060129,의류잡화
A060130,의류잡화
A060131,의류잡화
A060132,의류잡화
A060133,의류잡화
A060134,의류잡화
A060135,의류잡화
A060136,의류잡화
A060137,의류잡화
A060138,의류잡화
A060139,의류잡화
A060140,의류잡화
A060141,의류잡화
A060142,의류잡화
A060143,의류잡화
A060144,의류잡화
A060145,의류잡화
A060146,의류잡화
A060147,의류잡화
A060148,의류잡화
A060149,의류잡화
A060150,의류잡화
A060151,의류잡화
A060152,의류잡화
A060153,의류잡화
A060154,의류잡화
A060155,의류잡화
A060156,의류잡화
A060157,의류잡화
A060158,의류잡화
A060159,의류잡화
A060160,의류잡화
A060161,의류잡화
A060162,의류잡화
A060163,의류잡화
A060164,의류잡화
A060165,의류잡화
A060166,의류잡화
A060167,의류잡화
A060168,의류잡화
A060169,의류잡화
A060170,의류잡화
A060171,의류잡화
A060172,의류잡화
A060173,의류잡화
A060174,의류잡화
A060175,의류잡화
A060176,의류잡화
A060177,의류잡화
A060178,의류잡화
A060179,의류잡화
A060201,레저취미
A060202,레저취미
A060203,레저취미
A060204,레저취미
A060205,레저취미
A060206,레저취미
A060207,레저취미
A060208,레저취미
A060209,레저취미
A060210,레저취미
A060211,레저취미
A060212,레저취미
A060213,레저취미
A060214,레저취미
A060215,레저취미
A060216,레저취미
A060217,레저취미
A060218,레저취미
A060219,레저취미
A060220,레저취미
A060221,레저취미
A060222,레저취미
A060223,레저취미
A060224,레저취미
A060225,레저취미
A060226,레저취미
A060227,레저취미
A060228,레저취미
A060229,레저취미
A060230,레저취미
A060231,레저취미
A060232,레저취미
A060233,레저취미
A060234,레저취미
A060235,레저취미
A060236,레저취미
A060237,레저취미
A060238,레저취미
A060239,레저취미
A060240,레저취미
A060241,레저취미
A060242,레저취미
A060243,레저취미
A060244,레저취미
A060245,레저취미
A060246,레저취미
A060247,레저취미
A060248,레저취미
A060249,레저취미
A060250,레저취미
A060251,레저취미
A060252,레저취미
A070101,전자제품
A070102,전자제품
A070103,전자제품
A070104,전자제품
A070105,전자제품
A070201,전자제품
A070202,전자제품
A070203,전자제품
A070301,전자제품
A070302,전자제품
A070303,전자제품
A070304,전자제품
A070401,레저취미
A070402,레저취미
A070403,레저취미
A070501,전자제품
A070601,전자제품
A070602,전자제품
A070603,전자제품
A070604,전자제품
A070605,전자제품
A070606,전자제품
A070607,전자제품
A070608,전자제품
A080101,사치품
A080102,사치품
A080103,사치품
A080104,사치품
A080105,사치품
A080106,사치품
A080107,사치품
A080108,사치품
A080109,사치품
A080110,사치품
A080111,사치품
A080112,사치품
A080113,사치품
A080114,사치품
A080115,사치품
A080116,사치품
A080117,사치품
A080118,사치품
A080119,사치품
A080120,사치품
A080121,사치품
A080122,사치품
A080123,사치품
A080124,사치품
A080125,사치품
A090101,생활잡화
A090102,생활잡화
A090103,생활잡화
A090104,생활잡화
A090105,생활잡화
A090106,기타
A090107,생활잡화
A090108,생활잡화
A090109,생활잡화
A090110,생활잡화
A090201,문구류
A090202,문구류
A090301,생활잡화
A090302,생활잡화
A090303,생활잡화
A090304,생활잡화
A090305,생활잡화
A090306,생활잡화
A090307,생활잡화
A090308,생활잡화
A090309,생활잡화
A090310,생활잡화
A090311,가구류
A090312,가구류
A090401,생활잡화
A090402,생활잡화
A090403,생활잡화
A090404,생활잡화
A090405,생활잡화
A090406,생활잡화
A090407,생활잡화
A090501,가구류
A090502,가구류
A090503,가구류
A090504,가구류
A090505,가구류
A090506,가구류
A090507,가구류
A090508,가구류
A090509,가구류
A090510,가구류
A090601,가구류
A090602,가구류
A090603,가구류
A090604,가구류
A090605,가구류
A090606,가구류
A090607,가구류
A090608,가구류
A090609,가구류
A090610,가구류
A090701,의류잡화
B010101,식료품
B010102,식료품
B010103,식료품
B010104,식료품
B010105,식료품
B010106,식료품
B010107,식료품
B010108,식료품
B010109,식료품
B010110,식료품
B010111,식료품
B010112,식료품
B010201,식료품
B010202,식료품
B010203,식료품
B010204,식료품
B010205,식료품
B010206,식료품
B010207,식료품
B010208,식료품
B010209,식료품
B010301,식료품
B020101,식료품
B020102,식료품
B020103,식료품
B020104,식료품
B020105,식료품
B020201,식료품
B020202,식료품
B030101,식료품
B030102,식료품
B030201,식료품
B030202,식료품
B030203,식료품
B030204,식료품
B040101,식료품
B040102,식료품
B040103,식료품
B040201,식료품
B040202,식료품
B040203,식료품
B040204,식료품
B040205,식료품
B040206,식료품
B040207,식료품
B040301,식료품
B040302,식료품
B040401,식료품
B050101,식료품
B050102,식료품
B050103,식료품
B050104,식료품
B050105,식료품
B050106,식료품
B050107,식료품
B050108,식료품
B050109,식료품
B050110,식료품
B050111,식료품
B050112,식료품
B050113,식료품
B050114,식료품
B050115,식료품
B050116,식료품
B050117,식료품
B050118,식료품
B050119,식료품
B050201,식료품
B050202,식료품
B050203,식료품
B050204,식료품
B050205,식료품
B050206,식료품
B050207,식료품
B050301,식료품
B050302,식료품
B050303,식료품
B050304,식료품
B050305,식료품
B050306,식료품
B050307,식료품
B050308,식료품
B050309,식료품
B050310,식료품
B050311,식료품
B050312,식료품
B050313,식료품
B050314,식료품
B050401,식료품
B050402,식료품
B050403,식료품
B050404,식료품
B050405,식료품
B050406,식료품
B050407,식료품
B050408,식료품
B050409,식료품
B050410,식료품
B050501,식료품
B050502,식료품
B050503,식료품
B050504,식료품
B050505,식료품
B050506,식료품
B050507,식료품
B050508,식료품
B050509,식료품
B050510,식료품
B050511,식료품
B050512,식료품
B050601,고급식료품
B050602,고급식료품
B050603,고급식료품
B050604,고급식료품
B050605,고급식료품
B050606,고급식료품
B050607,고급식료품
B050701,식료품
B050702,식료품
B050703,식료품
B050704,식료품
B050705,식료품
B050706,식료품
B050707,식료품
B050708,식료품
B050709,식료품
B050710,식료품
B050801,식료품
B050901,식료품
B050902,식료품
B050903,식료품
B050904,식료품
B050905,식료품
B050906,식료품
B051001,식료품
B051002,식료품
B051003,식료품
B051004,식료품
B051005,식료품
B051006,식료품
B051007,식료품
B051101,식료품
B051201,식료품
B051202,식료품
B051203,식료품
B051204,식료품
B051205,식료품
B051206,식료품
B051207,식료품
B051208,식료품
B051209,식료품
B051210,식료품
B051211,식료품
B051301,식료품
B051302,식료품
B051303,식료품
B051304,식료품
B051305,식료품
B051401,식료품
B051402,식료품
B051403,식료품
B051404,식료품
B060101,식료품
B060102,식료품
B060103,식료품
B060104,식료품
B060105,식료품
B060106,식료품
B060107,식료품
B060108,식료품
B060109,식료품
B060110,식료품
B060111,식료품
B060112,식료품
B060113,식료품
B060114,식료품
B060115,식료품
B060116,식료품
B060117,식료품
B060118,식료품
B060201,식료품
B060202,식료품
B060203,식료품
B060301,식료품
B060302,식료품
B060303,식료품
B060401,식료품
B060402,식료품
B060403,식료품
B060501,식료품
B060601,식료품
B060602,식료품
B060701,식료품
B060702,식료품
B060703,식료품
B060704,식료품
B060705,식료품
B060706,식료품
B060707,식료품
B060801,식료품
B060802,식료품
B060901,식료품
B060902,식료품
B061001,식료품
B061002,식료품
B061003,식료품
B061004,식료품
B061005,식료품
B061006,식료품
B061007,식료품
B061101,식료품
B061102,식료품
B061103,식료품
B061104,식료품
B061105,식료품
B070101,식료품
B070102,식료품
B070103,식료품
B070201,식료품
B070202,식료품
B070203,식료품
B070301,식료품
B070302,식료품
B070303,식료품
B070304,식료품
B070305,식료품
B070401,식료품
B070402,식료품
B070501,식료품
B070502,식료품
B070503,식료품
B070504,식료품
B070601,식료품
B070602,식료품
B070603,식료품
B070701,식료품
B070702,식료품
B070703,식료품
B070704,식료품
B070801,식료품
B070802,식료품
B070803,식료품
B070901,식료품
B070902,식료품
B070903,식료품
B071001,식료품
B071002,식료품
B071003,식료품
B071101,식료품
B080101,기타
B080102,기타
B080201,기타
B080202,기타
B080203,기타
B080204,기타
B080205,기타
B080301,기타
B080302,기타
B080303,기타
B080304,기타
B080305,기타
B080306,기타
B080307,기타
B080401,기타
B080402,기타
B080403,기타
B080404,기타
B080501,기타
B080502,기타
B080503,기타
B080504,기타
B080505,기타
B080506,기타
B080601,기타
B090101,기타
B090102,기타
B090103,기타
B090201,식료품
B090202,식료품
B090203,식료품
B090204,식료품
B090205,식료품
B090206,식료품
B090207,식료품
B090208,식료품
B090209,식료품
B090301,식료품
B090302,식료품
B090401,식료품
B090402,식료품
B090501,식료품
B090502,식료품
B090503,식료품
B090601,식료품
B090602,식료품
B090603,식료품
B090604,식료품
B090701,식료품
B090702,식료품
B090703,식료품
B090704,식료품
B090801,식료품
B090802,식료품
B090901,식료품
B090902,식료품
B090903,식료품
B091001,식료품
B091002,식료품
B091101,식료품
B091102,식료품
B091103,식료품
B091104,식료품
B091201,식료품
B091202,식료품
B091203,식료품
B091301,식료품
B091302,식료품
B100101,식료품
B100102,식료품
B100103,식료품
B100104,식료품
B100105,식료품
B100106,식료품
B100201,식료품
B100301,식료품
B100302,식료품
B100303,식료품
B100304,식료품
B100305,식료품
B100306,식료품
B100307,식료품
B100401,식료품
B100402,식료품
B100403,식료품
B100404,식료품
B100405,식료품
B100406,식료품
B100407,식료품
B100501,식료품
B100502,식료품
B100503,식료품
B100504,식료품
B100601,식료품
B100602,식료품
B100603,식료품
B100604,식료품
B100701,식료품
B100702,식료품
B100703,식료품
B100704,식료품
B100705,식료품
B100801,식료품
B100802,식료품
B100803,식료품
B100901,식료품
B100902,식료품
B100903,식료품
B101001,식료품
B101002,식료품
B110101,식료품
B110102,식료품
B110103,식료품
B110104,식료품
B110105,식료품
B110106,식료품
B110107,식료품
B110108,식료품
B110201,식료품
B110202,식료품
B110203,식료품
B110204,식료품
B110205,식료품
B110206,식료품
B110301,식료품
B110302,식료품
B110303,식료품
B110304,식료품
B110305,식료품
B110401,식료품
B110402,식료품
B110403,식료품
B110404,식료품
B110405,식료품
B110406,식료품
B110407,식료품
B110408,식료품
B110501,식료품
B110502,식료품
B110503,식료품
B110504,식료품
B110505,식료품
B110506,식료품
B110601,식료품
B110602,식료품
B110603,식료품
B110604,식료품
B110605,식료품
B110606,식료품
B110701,식료품
B110702,식료품
B110801,식료품
B110901,식료품
B110902,식료품
B110903,식료품
B111001,식료품
B111002,식료품
B111101,식료품
B111102,식료품
B111103,식료품
B111201,식료품
B111202,식료품
B111203,식료품
B111204,식료품
B120101,식료품
B120102,식료품
B120103,식료품
B120201,식료품
B120202,식료품
B120301,식료품
B120302,식료품
B120303,식료품
B120304,식료품
B120305,식료품
B120401,식료품
B120402,식료품
B120403,식료품
B120501,식료품
B120502,식료품
B120503,식료품
B120504,식료품
B120601,식료품
B120602,식료품
B120603,식료품
B120604,식료품
B120605,식료품
B120606,식료품
B120607,식료품
B120701,식료품
B120702,식료품
B120801,식료품
B120802,식료품
B120803,식료품
B120804,식료품
B120901,식료품
B120902,식료품
B130101,기호품
B130102,기호품
B130103,기호품
B130104,기호품
B130201,기호품
B130202,기호품
B130203,기호품
B130204,기호품
B130205,기호품
B130206,기호품
B130207,기호품
B130208,기호품
B130209,기호품
B130210,기호품
B130211,기호품
B130301,고급식료품
B130302,고급식료품
B130303,고급식료품
B130304,고급식료품
B130305,고급식료품
B130306,고급식료품
B130401,기호품
B130402,기호품
B130501,기호품
B130502,기호품
B130503,기호품
B130601,기호품
B130602,기호품
B130603,기호품
B130604,기호품
B130605,기호품
B130701,기호품
B130801,기호품
B130802,기호품
B130803,기호품
B130804,기호품
B130901,기호품
B131001,식료품
B131002,식료품
B140101,식료품
B140102,식료품
B140103,식료품
B140104,식료품
B140105,식료품
B140106,식료품
B140201,식료품
B140202,식료품
B140203,식료품
B140204,식료품
B140205,식료품
B140206,식료품
B140207,식료품
B140301,식료품
B140302,식료품
B140303,식료품
B140401,식료품
B140402,식료품
B140403,식료품
B140404,식료품
B140501,식료품
B140502,식료품
B140503,식료품
B140504,식료품
B140505,식료품
B140506,식료품
B140507,식료품
B140601,식료품
B140602,식료품
B140603,식료품
B140604,식료품
B140605,식료품
B140606,식료품
B140607,식료품
B140608,식료품
B140701,식료품
B140702,식료품
B140703,식료품
B140704,식료품
B140705,식료품
B140801,식료품
B140802,식료품
B140803,식료품
B140901,식료품
B141001,식료품
B141101,식료품
B141102,식료품
B141103,식료품
B141104,식료품
B141105,식료품
B141106,식료품
B141201,식료품
B141202,식료품
B141203,식료품
B141301,식료품
B141302,식료품
B141303,식료품
B141304,식료품
B141305,식료품
B141306,식료품
B141307,식료품
B141401,식료품
B141402,식료품
B141501,식료품
B141502,식료품
B141503,식료품
B141504,식료품
B141505,식료품
B141506,식료품
B150101,식료품
B150102,식료품
B150103,식료품
B150104,식료품
B150105,식료품
B150201,식료품
B150202,식료품
B150203,식료품
B150204,식료품
B150205,식료품
B150206,식료품
B150207,식료품
B150208,식료품
B150301,식료품
B150302,식료품
B150401,식료품
B150402,식료품
B150403,식료품
B150404,식료품
B150501,식료품
B150601,식료품
B150602,식료품
B150603,식료품
B150604,식료품
B150605,식료품
B150701,식료품
B150702,식료품
B150703,식료품
B150704,식료품
B150705,식료품
B150706,식료품
B150707,식료품
B150801,식료품
B150802,식료품
B150803,식료품
B160101,기호품
B160102,기호품
B160201,기호품
B160202,기호품
B160203,기호품
B160301,기호품
B160302,기호품
B160303,기호품
B160401,기호품
B160402,기호품
B160403,기호품
B160404,기호품
B160501,기호품
B160502,기호품
B160503,기호품
B160504,기호품
B160505,기호품
B160506,기호품
B160507,기호품
B170101,생활잡화
B170102,생활잡화
B170103,생활잡화
B170104,생활잡화
B170105,생활잡화
B170106,생활잡화
B170107,생활잡화
B170201,생활잡화
B170202,생활잡화
B170203,생활잡화
B170204,생활잡화
B170205,생활잡화
B170301,생활잡화
B170302,생활잡화
B170303,생활잡화
B170401,생활잡화
B170402,생활잡화
B170403,생활잡화
B170501,생활잡화
B170502,생활잡화
B170601,생활잡화
B170602,생활잡화
B170603,생활잡화
B170701,생활잡화
B170801,생활잡화
B180101,생활잡화
B180102,생활잡화
B180201,생활잡화
B180202,생활잡화
B180203,생활잡화
B180204,생활잡화
B180205,생활잡화
B180206,생활잡화
B180207,생활잡화
B180301,생활잡화
B180302,생활잡화
B180303,생활잡화
B180401,생활잡화
B180402,생활잡화
B180403,생활잡화
B180501,생활잡화
B180502,생활잡화
B180503,생활잡화
B180504,생활잡화
B180505,생활잡화
B180506,생활잡화
B180601,생활잡화
B180602,생활잡화
B180603,생활잡화
B180701,생활잡화
B180702,생활잡화
B180703,생활잡화
B180704,생활잡화
B180705,생활잡화
B180706,생활잡화
B180707,생활잡화
B180708,생활잡화
B180801,생활잡화
B180802,생활잡화
B180901,생활잡화
B180902,생활잡화
B180903,생활잡화
B180904,생활잡화
B181001,생활잡화
B181002,생활잡화
B190101,생활잡화
B190102,생활잡화
B190103,생활잡화
B190104,생활잡화
B190105,생활잡화
B190106,생활잡화
B190107,생활잡화
B190201,화장품
B190202,화장품
B190203,화장품
B190204,화장품
B190205,화장품
B190206,화장품
B190207,화장품
B190208,화장품
B190209,화장품
B190301,생활잡화
B190302,생활잡화
B190303,생활잡화
B190401,생활잡화
B190402,생활잡화
B190403,생활잡화
B190404,생활잡화
B190501,화장품
B190502,화장품
B190503,화장품
B190504,화장품
B190601,생활잡화
B190602,생활잡화
B190701,생활잡화
B190702,생활잡화
B190703,생활잡화
B190704,생활잡화
B190801,생활잡화
B190802,생활잡화
B190803,생활잡화
B190804,생활잡화
B190901,생활잡화
B190902,생활잡화
B190903,생활잡화
B190904,생활잡화
B190905,생활잡화
B190906,생활잡화
B200101,생활잡화
B200102,생활잡화
B200103,생활잡화
B200104,생활잡화
B200201,생활잡화
B200202,생활잡화
B200203,생활잡화
B200301,생활잡화
B200302,생활잡화
B200303,생활잡화
B200304,생활잡화
B200305,생활잡화
B200401,생활잡화
B200402,생활잡화
B200501,생활잡화
B200502,생활잡화
B200503,생활잡화
B200601,생활잡화
B200602,생활잡화
B200701,레저취미
B200702,레저취미
B200703,레저취미
B200704,레저취미
B200705,레저취미
B200801,생활잡화
B200802,생활잡화
B210101,생활잡화
B210102,생활잡화
B210103,생활잡화
B210104,생활잡화
B210105,생활잡화
B210106,생활잡화
B210107,생활잡화
B210201,생활잡화
B210202,생활잡화
B210203,생활잡화
B210204,생활잡화
B210205,생활잡화
B210206,생활잡화
B210207,생활잡화
B210301,생활잡화
B210302,생활잡화
B210303,생활잡화
B210304,생활잡화
B210305,생활잡화
B210306,생활잡화
B210307,생활잡화
B210308,생활잡화
B210309,생활잡화
B210310,생활잡화
B210401,생활잡화
B210402,생활잡화
B210403,생활잡화
B210404,생활잡화
B210405,생활잡화
B210406,생활잡화
B210407,생활잡화
B210408,생활잡화
B210409,생활잡화
B210501,생활잡화
B210601,생활잡화
B210602,생활잡화
B210603,생활잡화
B210701,생활잡화
B210702,생활잡화
B210703,생활잡화
B210704,생활잡화
B210801,생활잡화
B210802,생활잡화
B210803,생활잡화
B220101,생활잡화
B220102,생활잡화
B220103,생활잡화
B220104,생활잡화
B220105,생활잡화
B220106,생활잡화
B220107,생활잡화
B220108,생활잡화
B220201,생활잡화
B220202,생활잡화
B220203,생활잡화
B220204,생활잡화
B220205,생활잡화
B220206,생활잡화
B220301,가구류
B220302,가구류
B220303,가구류
B220401,가구류
B220402,가구류
B220501,생활잡화
B220502,생활잡화
B220503,생활잡화
B220601,생활잡화
B220701,가구류
B220702,가구류
B220801,가구류
B220802,가구류
B220901,가구류
B220902,가구류
B220903,가구류
B221001,가구류
B221002,가구류
B221101,가구류
B221102,가구류
B221103,가구류
B221201,레저취미
B221202,레저취미
B221203,레저취미
B221301,가구류
B221302,가구류
B221401,가구류
B221402,가구류
B221403,가구류
B230101,가구류
B230102,가구류
B230103,가구류
B230104,가구류
B230105,가구류
B230106,가구류
B230201,생활잡화
B230202,생활잡화
B230203,생활잡화
B230204,생활잡화
B230205,생활잡화
B230206,생활잡화
B230207,생활잡화
B230208,생활잡화
B230209,생활잡화
B230210,생활잡화
B230211,생활잡화
B230212,생활잡화
B230301,가구류
B230302,가구류
B230303,가구류
B230304,가구류
B230305,가구류
B230306,가구류
B230307,가구류
B230401,가구류
B230402,가구류
B230403,가구류
B230404,가구류
B230405,가구류
B230406,가구류
B230407,가구류
B230408,가구류
B230501,가구류
B230502,가구류
B230503,가구류
B240101,문구류
B240102,문구류
B240103,문구류
B240104,문구류
B240105,문구류
B240106,문구류
B240201,문구류
B240202,문구류
B240203,문구류
B240204,문구류
B240205,문구류
B240301,문구류
B240302,문구류
B240303,문구류
B240304,문구류
B240305,문구류
B240306,문구류
B240401,문구류
B240402,문구류
B240403,문구류
B240404,문구류
B240405,문구류
B240406,문구류
B240407,문구류
B240408,문구류
B240409,문구류
B240410,문구류
B240411,문구류
B240412,문구류
B240501,문구류
B240502,문구류
B240503,문구류
B240504,문구류
B240505,문구류
B240506,문구류
B240507,문구류
B240601,문구류
B240602,문구류
B240603,문구류
B240604,문구류
B240605,문구류
B240606,문구류
B240607,문구류
B240608,문구류
B240701,문구류
B240702,문구류
B240703,문구류
B240704,레저취미
B240705,문구류
B240801,문구류
B240802,문구류
B240803,문구류
B240804,문구류
B240805,문구류
B240806,문구류
B240807,문구류
B240901,문구류
B240902,문구류
B240903,문구류
B241001,문구류
B241002,문구류
B241003,문구류
B250101,도서음반
B250102,도서음반
B250103,도서음반
B250104,도서음반
B250105,도서음반
B250106,도서음반
B250201,도서음반
B250202,도서음반
B250203,도서음반
B250301,도서음반
B250302,도서음반
B250401,도서음반
B250501,도서음반
B250502,도서음반
B250503,도서음반
B250504,도서음반
B250505,도서음반
B250601,도서음반
B250602,도서음반
B250603,도서음반
B260101,생활잡화
B260102,기타
B260103,생활잡화
B260104,기타
B260105,기타
B260106,가구류
B260107,의류잡화
B260108,가구류
B260109,생활잡화
B260110,식료품
B260111,생활잡화
B260112,가구류
B260113,가구류
B260114,생활잡화
B260201,문구류
B260202,문구류
B260203,문구류
B260204,문구류
B260205,문구류
B260206,문구류
B260207,문구류
B260208,문구류
B260209,문구류
B260210,문구류
B260211,문구류
B260212,문구류
B260301,문구류
B260302,전자제품
B260303,문구류
B260304,문구류
B260305,문구류
B260306,문구류
B260307,문구류
B260308,문구류
B260309,도서음반
B260310,문구류
B260401,전자제품
B260402,전자제품
B260403,전자제품
B260404,전자제품
B260405,전자제품
B260501,문구류
B260502,문구류
B260503,문구류
B260504,문구류
B260505,문구류
B260506,문구류
B260507,문구류
B260508,문구류
B260601,레저취미
B260602,레저취미
B260603,레저취미
B260604,레저취미
B260605,레저취미
B260606,레저취미
B260607,레저취미
B260608,레저취미
B260609,레저취미
B260610,레저취미
B260611,레저취미
B260612,레저취미
B260613,레저취미
B260614,레저취미
B260615,레저취미
B260616,레저취미
B260617,레저취미
B260701,문구류
B260702,문구류
B260703,문구류
B260801,문구류
B260802,문구류
B260803,도서음반
B260804,도서음반
B260805,문구류
B260806,문구류
B260807,문구류
B260901,레저취미
B260902,레저취미
B260903,레저취미
B261001,문구류
B261002,문구류
B261003,문구류
B261004,문구류
B261005,레저취미
B261006,레저취미
B270101,가구류
B270102,레저취미
B270103,레저취미
B270201,레저취미
B270202,레저취미
B270203,레저취미
B270204,레저취미
B270205,레저취미
B270206,레저취미
B270207,레저취미
B270208,레저취미
B270209,레저취미
B270210,레저취미
B270211,레저취미
B270301,레저취미
B270302,레저취미
B270303,레저취미
B270304,레저취미
B270305,레저취미
B270306,레저취미
B270307,레저취미
B270308,레저취미
B270309,레저취미
B270310,레저취미
B270311,레저취미
B270312,레저취미
B270313,레저취미
B270314,레저취미
B270315,레저취미
B270316,레저취미
B270401,레저취미
B270402,레저취미
B270501,레저취미
B270502,레저취미
B270503,레저취미
B270504,레저취미
B270505,레저취미
B270506,레저취미
B270601,기타
B270602,기타
B270603,기타
B270604,기타
B270605,기타
B270606,기타
B270701,레저취미
B270702,레저취미
B270703,레저취미
B270704,레저취미
B270705,레저취미
B270706,레저취미
B270707,레저취미
B270708,레저취미
B270709,레저취미
B280101,차량용품
B280102,차량용품
B280103,차량용품
B280201,차량용품
B280202,차량용품
B280203,차량용품
B280204,차량용품
B280301,차량용품
B280302,차량용품
B280303,차량용품
B280304,차량용품
B280305,차량용품
B280401,기타
B280501,차량용품
B280502,차량용품
B280503,차량용품
B280601,차량용품
B280602,차량용품
B280603,차량용품
B280604,차량용품
B280605,차량용품
B280606,차량용품
B280607,차량용품
B280608,차량용품
B280609,차량용품
B280610,차량용품
B280701,차량용품
B280702,차량용품
B280801,차량용품
B280802,차량용품
B280901,차량용품
B280902,차량용품
B280903,차량용품
B280904,차량용품
B280905,차량용품
B280906,차량용품
B281001,차량용품
B281002,차량용품
B281003,차량용품
B281004,차량용품
B281101,생활잡화
B281102,생활잡화
B281103,생활잡화
B281104,생활잡화
B281105,생활잡화
B281106,생활잡화
B281201,전자제품
B281202,차량용품
B281203,차량용품
B281204,차량용품
B281205,차량용품
B281301,차량용품
B290101,도서음반
B290102,도서음반
B290103,도서음반
B290201,의류잡화
B290202,의류잡화
B290301,의류잡화
B290302,의류잡화
B290303,의류잡화
B290304,의류잡화
B290305,의류잡화
B290306,의류잡화
B290401,의류잡화
B290402,의류잡화
B290403,의류잡화
B290404,의류잡화
B290405,의류잡화
B300101,의류잡화
B300102,의류잡화
B300103,의류잡화
B300201,의류잡화
B300202,의류잡화
B300203,의류잡화
B300301,의류잡화
B300401,의류잡화
B300402,의류잡화
B300501,의류잡화
B300502,의류잡화
B300503,의류잡화
B300504,의류잡화
B300601,의류잡화
B310101,의류잡화
B310102,의류잡화
B310103,의류잡화
B310104,의류잡화
B310201,의류잡화
B310202,의류잡화
B310301,의류잡화
B310302,의류잡화
B310303,의류잡화
B310304,의류잡화
B310305,의류잡화
B310306,의류잡화
B310307,의류잡화
B310401,의류잡화
B310501,의류잡화
B310502,의류잡화
B320101,의류잡화
B320102,의류잡화
B320103,의류잡화
B320104,의류잡화
B320105,의류잡화
B320106,의류잡화
B320107,의류잡화
B320201,의류잡화
B320202,의류잡화
B320203,의류잡화
B320204,의류잡화
B320205,의류잡화
B320301,의류잡화
B320302,의류잡화
B320303,의류잡화
B320304,의류잡화
B320401,의류잡화
B320402,의류잡화
B320403,의류잡화
B320404,의류잡화
B320501,의류잡화
B320502,의류잡화
B320503,의류잡화
B320601,의류잡화
B320602,의류잡화
B320603,의류잡화
B320701,의류잡화
B330101,의류잡화
B330102,의류잡화
B330103,의류잡화
B330104,의류잡화
B330201,의류잡화
B330202,의류잡화
B330203,의류잡화
B330204,의류잡화
B330205,의류잡화
B330206,의류잡화
B330207,의류잡화
B330301,의류잡화
B330302,의류잡화
B330303,의류잡화
B330304,의류잡화
B330305,의류잡화
B330306,의류잡화
B330307,의류잡화
B330401,의류잡화
B330402,의류잡화
B330403,의류잡화
B330404,의류잡화
B330405,의류잡화
B330501,의류잡화
B330502,의류잡화
B330503,의류잡화
B330504,의류잡화
B330505,의류잡화
B330601,의류잡화
B330602,의류잡화
B330603,의류잡화
B330604,의류잡화
B330605,의류잡화
B330701,의류잡화
B330702,의류잡화
B330703,의류잡화
B330704,의류잡화
B330705,의류잡화
B330706,의류잡화
B330801,의류잡화
B330802,의류잡화
B330803,의류잡화
B340101,화장품
B340102,화장품
B340103,화장품
B340104,화장품
B340105,화장품
B340106,화장품
B340107,화장품
B340201,화장품
B340202,화장품
B340301,화장품
B340302,화장품
B340303,화장품
B340401,화장품
B340402,화장품
B340403,화장품
B340404,화장품
B340405,화장품
B340406,화장품
B340407,화장품
B340408,화장품
B340409,화장품
B340410,화장품
B350101,레저취미
B350102,레저취미
B350103,레저취미
B350201,레저취미
B350202,레저취미
B350203,레저취미
B350204,레저취미
B350301,레저취미
B350302,레저취미
B350401,레저취미
B350402,레저취미
B350403,레저취미
B350404,레저취미
B350405,레저취미
B350406,레저취미
B350501,레저취미
B350502,레저취미
B350503,레저취미
B350504,레저취미
B350601,레저취미
B350602,레저취미
B350603,레저취미
B350604,레저취미
B350701,레저취미
B350702,레저취미
B350703,레저취미
B360101,레저취미
B360102,레저취미
B360103,레저취미
B360104,레저취미
B360105,레저취미
B360106,레저취미
B360107,레저취미
B360201,레저취미
B360202,레저취미
B360203,레저취미
B360204,레저취미
B360205,레저취미
B360206,레저취미
B360207,레저취미
B360208,레저취미
B360301,레저취미
B360302,레저취미
B360303,레저취미
B360304,레저취미
B360305,레저취미
B360306,레저취미
B360307,레저취미
B360308,레저취미
B360401,레저취미
B360402,레저취미
B360403,레저취미
B360404,레저취미
B360405,레저취미
B360406,레저취미
B360407,레저취미
B360501,레저취미
B360502,레저취미
B360503,레저취미
B360504,레저취미
B360505,레저취미
B360506,레저취미
B360601,레저취미
B360602,레저취미
B360603,레저취미
B360701,가구류
B360702,가구류
B360703,가구류
B360704,가구류
B360801,의류잡화
B360802,의류잡화
B370101,기타
B370102,기타
B370103,기타
B370104,기타
B370201,기타
B370202,기타
B370203,기타
B370204,기타
B370301,기타
B370302,기타
B370303,기타
B370304,기타
B370305,기타
B370306,기타
B370401,기타
B370402,기타
B370403,기타
B370404,기타
B370405,기타
B370406,기타
B370407,기타
B370501,기타
B370502,기타
B370503,기타
B370504,기타
B370505,기타
B370506,기타
B370601,기타
B370701,기타
B370702,기타
B370703,기타
B370704,기타
B370705,기타
B370706,기타
B370707,기타
B370801,기타
B370802,기타
B370803,기타
B370901,기타
B370902,기타
B370903,기타
B370904,기타
B370905,기타
B370906,기타
B371001,기타
B371002,기타
B371003,기타
B380101,식료품
B380102,식료품
B380103,식료품
B380104,식료품
B380105,식료품
B380106,식료품
B380107,식료품
B380201,식료품
B380202,식료품
B380203,식료품
B380204,식료품
B380205,식료품
B380206,식료품
B380207,식료품
B380208,식료품
B380301,식료품
B380302,식료품
B380303,식료품
B380304,식료품
B380305,식료품
B380306,식료품
B380307,식료품
B380401,식료품
B380402,식료품
B380403,식료품
B380404,식료품
B380405,식료품
B380406,식료품
B380407,식료품
B380408,식료품
B380409,식료품
B380501,식료품
B380502,식료품
B380503,식료품
B380504,식료품
B380601,식료품
B380602,식료품
B380603,식료품
B380701,식료품
B380801,식료품
B380802,식료품
B390101,전자제품
B390102,전자제품
B390103,전자제품
B390104,전자제품
B390201,전자제품
B390202,전자제품
B390301,전자제품
B390302,전자제품
B390401,전자제품
B390501,전자제품
B390502,전자제품
B390601,전자제품
B390701,전자제품
B390702,전자제품
B400101,전자제품
B400201,전자제품
B400301,전자제품
B400302,전자제품
B400303,전자제품
B400401,전자제품
B400402,전자제품
B400403,전자제품
B400501,전자제품
B400502,전자제품
B400503,전자제품
B400504,전자제품
B400505,전자제품
B400601,전자제품
B400602,전자제품
B400603,전자제품
B400701,전자제품
B400702,전자제품
B400703,전자제품
B400704,전자제품
B400705,전자제품
B400801,전자제품
B400802,전자제품
B400803,전자제품
B400804,전자제품
B400805,전자제품
B400806,전자제품
B400807,전자제품
B410101,전자제품
B410102,전자제품
B410201,전자제품
B410301,전자제품
B410302,전자제품
B410303,전자제품
B410304,전자제품
B410305,전자제품
B410306,전자제품
B410307,전자제품
B410401,전자제품
B410501,전자제품
B410601,전자제품
B410602,전자제품
B410603,전자제품
B410604,전자제품
B410605,전자제품
B410701,전자제품
B410702,전자제품
B410801,전자제품
B410802,전자제품
B410803,전자제품
B410804,전자제품
B410901,전자제품
B410902,전자제품
B410903,전자제품
B420101,전자제품
B420201,전자제품
B420202,전자제품
B420203,전자제품
B420301,전자제품
B420302,전자제품
B420401,전자제품
B420501,전자제품
B420502,전자제품
B420503,전자제품
B420504,전자제품
B420601,전자제품
B420602,전자제품
B420603,전자제품
B420604,전자제품
B420605,전자제품
B420606,전자제품
B420607,전자제품
B420608,전자제품
B420609,전자제품
B420610,전자제품
B420611,전자제품
B420612,전자제품
B420701,전자제품
B420702,전자제품
B420801,전자제품
B420802,전자제품
B420901,전자제품
B420902,전자제품
B421001,전자제품
B421002,전자제품
B421003,전자제품
B421101,전자제품
B421201,전자제품
B421301,전자제품
B430101,식료품
B430102,식료품
B430103,식료품
B430104,식료품
B430105,식료품
B430201,식료품
B430202,식료품
B430301,식료품
B430302,식료품
B430303,식료품
B430401,식료품
B430402,식료품
B430403,식료품
B430404,식료품
B430405,식료품
B430501,식료품
B430502,식료품
B430503,식료품
B430504,식료품
B430505,식료품
B430601,식료품
B430602,식료품
B430603,식료품
B430604,식료품
B430701,식료품
B430702,식료품
B430703,식료품
B430801,식료품
B430802,식료품
B430803,식료품
B430804,식료품
B430805,식료품
B430806,식료품
B430807,식료품
B430901,식료품
B430902,식료품
B430903,식료품
B430904,식료품
B430905,식료품
B431001,식료품
B431002,식료품
B431003,식료품
B431101,식료품
B440101,의류잡화
B440102,의류잡화
B440201,의류잡화
B440202,의류잡화
B440301,의류잡화
B440302,의류잡화
B440401,의류잡화
B440501,의류잡화
B440502,의류잡화
B440503,의류잡화
B440601,의류잡화
B440602,의류잡화
B440603,의류잡화
B440604,의류잡화
B440605,의류잡화
B440701,의류잡화
B440702,의류잡화
B440703,의류잡화
B440704,의류잡화
B440801,의류잡화
B440802,의류잡화
B440901,의류잡화
B440902,의류잡화
B450101,사치품
B450102,사치품
B450103,사치품
B450104,사치품
B450105,사치품
B450201,사치품
B450202,사치품
B450203,사치품
B450204,사치품
B450205,사치품
B450206,사치품
B450301,의류잡화
B450302,의류잡화
B450303,의류잡화
B450304,의류잡화
B450305,의류잡화
B450306,의류잡화
B450307,의류잡화
B450308,의류잡화
B450309,의류잡화
B450310,의류잡화
B450311,의류잡화
B450312,의류잡화
B450401,사치품
B450402,사치품
B450501,의류잡화
B450502,의류잡화
B450601,의류잡화
B450602,의류잡화
B450701,의류잡화
B450702,의류잡화
B450703,사치품
B450704,의류잡화
B450801,의류잡화
B450802,의류잡화
B450803,의류잡화
B450804,의류잡화
B450901,의류잡화
B450902,의류잡화
B450903,의류잡화
B450904,의류잡화
B451001,의류잡화
B451002,의류잡화
B451101,의류잡화
B451102,의류잡화
B451103,의류잡화
B451104,의류잡화
B451105,의류잡화
B451106,의류잡화
B451107,의류잡화
B451108,의류잡화
B451201,의류잡화
B451202,의류잡화
B451203,의류잡화
B451301,의류잡화
B451302,의류잡화
B451303,의류잡화
B451304,의류잡화
B451305,의류잡화
B451401,의류잡화
B451402,의류잡화
B451403,의류잡화
B451404,의류잡화
B451501,의류잡화
B451502,의류잡화
B451503,의류잡화
B451504,의류잡화
B451505,의류잡화
B451601,의류잡화
B451602,의류잡화
B451603,의류잡화
B451701,의류잡화
B451702,의류잡화
B451801,의류잡화
B451802,의류잡화
B451803,의류잡화
B451901,레저취미
B460101,식료품
B460102,식료품
B460103,식료품
B460104,식료품
B460105,식료품
B460106,식료품
B460201,식료품
B460202,식료품
B460203,식료품
B460204,식료품
B460205,식료품
B460206,식료품
B460207,식료품
B460208,식료품
B460209,식료품
B460301,식료품
B460302,식료품
B460303,식료품
B460304,식료품
B460305,식료품
B460306,식료품
B460307,식료품
B460308,식료품
B460401,식료품
B460402,식료품
B460501,식료품
B460502,식료품
B460503,식료품
B470101,식료품
B470102,식료품
B470103,식료품
B470104,식료품
B470105,식료품
B470106,식료품
B470107,식료품
B470108,식료품
B470201,식료품
B470202,식료품
B470203,식료품
B470204,식료품
B470301,식료품
B470302,식료품
B480101,식료품
B480102,식료품
B480103,식료품
B480201,식료품
B480202,식료품
B480203,식료품
B480301,식료품
B480302,식료품
B480303,식료품
B480401,식료품
B480402,식료품
B480501,식료품
B490101,의류잡화
B490102,의류잡화
B490103,의류잡화
B490104,의류잡화
B490105,의류잡화
B490201,의류잡화
B490202,의류잡화
B490203,의류잡화
B490204,의류잡화
B490301,의류잡화
B490401,의류잡화
B490402,의류잡화
B490403,의류잡화
B490404,의류잡화
B490501,의류잡화
B490502,의류잡화
B490503,의류잡화
B490601,의류잡화
B490602,의류잡화
B490603,의류잡화
B490701,의류잡화
B490702,의류잡화
B500101,의류잡화
B500102,의류잡화
B500103,의류잡화
B500201,의류잡화
B500301,의류잡화
B500302,의류잡화
B500303,의류잡화
B500401,의류잡화
B500402,의류잡화
B500403,의류잡화
B500501,의류잡화
B500502,의류잡화
B500503,의류잡화
B500601,의류잡화
B500602,의류잡화
B500603,의류잡화
B500604,의류잡화
B500701,의류잡화
B500702,의류잡화
B500801,의류잡화
B510101,레저취미
B510201,레저취미
B510202,레저취미
B510203,레저취미
B510301,레저취미
B510302,레저취미
B510303,레저취미
B510304,레저취미
B510305,레저취미
B510306,레저취미
B510307,레저취미
B510308,레저취미
B510309,레저취미
B510401,기타
B510402,기타
B510501,기타
B510502,기타
B510503,기타
B520101,식료품
B520102,식료품
B520103,식료품
B520104,식료품
B520105,식료품
B520106,식료품
B520107,식료품
B520108,식료품
B520109,식료품
B520110,식료품
B520201,식료품
B520202,식료품
B520203,식료품
B520204,식료품
B520205,식료품
B520301,식료품
B520302,식료품
B520303,식료품
B520304,식료품
B520305,식료품
B520306,식료품
B520401,식료품
B520402,식료품
B520403,식료품
B520404,식료품
B520405,식료품
B520406,식료품
B520407,식료품
B520408,식료품
B520409,식료품
B520410,식료품
B520411,식료품
B520412,식료품
B520413,식료품
B520414,식료품
B520415,식료품
B520501,식료품
B520502,식료품
B520503,식료품
B520504,식료품
B520505,식료품
B520506,식료품
B520507,식료품
B520508,식료품
B520601,식료품
B520602,식료품
B520603,식료품
B520604,식료품
B520605,식료품
B520606,식료품
B520701,식료품
B520702,식료품
B520703,식료품
B520704,식료품
B520801,식료품
B520802,식료품
B520803,식료품
B520901,식료품
B520902,식료품
B520903,식료품
B520904,식료품
B520905,식료품
B521001,식료품
B521002,식료품
B521003,식료품
B521004,식료품
B521005,식료품
B521101,식료품
B521102,식료품
B521201,식료품
B521202,식료품
B521203,식료품
B521204,식료품
B521205,식료품
B521206,식료품
B521301,식료품
B521302,식료품
B521401,식료품
B521402,식료품
B521403,식료품
B530101,식료품
B530102,식료품
B530201,식료품
B530202,식료품
B530203,식료품
B530301,식료품
B530302,식료품
B530303,식료품
B530304,식료품
B530305,식료품
B530306,식료품
B530307,식료품
B530308,식료품
B530401,식료품
B530402,식료품
B530403,식료품
B530501,식료품
B530502,식료품
B530503,식료품
B530601,식료품
B530602,식료품
B530701,식료품
B530801,식료품
B530802,식료품
B530803,식료품
B530804,식료품
B530805,식료품
B530901,식료품
B530902,식료품
B530903,식료품
B531001,식료품
B531002,식료품
B531101,식료품
B531201,식료품
B531202,식료품
B540101,식료품
B540102,식료품
B540103,식료품
B540104,식료품
B540105,식료품
B540106,식료품
B540107,식료품
B540108,식료품
B540109,식료품
B540110,식료품
B540201,식료품
B540202,식료품
B540203,식료품
B540204,식료품
B540301,식료품
B540302,식료품
B540401,식료품
B540402,식료품
B540501,식료품
B540502,식료품
B550101,식료품
B550102,식료품
B550103,식료품
B550104,식료품
B550105,식료품
B550106,식료품
B550107,식료품
B550108,식료품
B550109,식료품
B550110,식료품
B550111,식료품
B550112,식료품
B550113,식료품
B550114,식료품
B550115,식료품
B550116,식료품
B550117,식료품
B550118,식료품
B550119,식료품
B550120,식료품
B550201,식료품
B550202,식료품
B550203,식료품
B550204,식료품
B550205,식료품
B550206,식료품
B550301,고급식료품
B550302,고급식료품
B550303,고급식료품
B550304,고급식료품
B550305,고급식료품
B550306,고급식료품
B550307,고급식료품
B550308,고급식료품
B550401,식료품
B550402,식료품
B550403,식료품
B550501,식료품
B550502,식료품
B550503,식료품
B550601,식료품
B550602,식료품
B550701,식료품
B550702,식료품
B560101,식료품
B560102,식료품
B560103,식료품
B560201,식료품
B560202,식료품
B560203,식료품
B560204,식료품
B560301,식료품
B560302,식료품
B560401,식료품
B560402,식료품
B560501,식료품
B560502,식료품
B570101,식료품
B570102,식료품
B570103,식료품
B570201,식료품
B570202,식료품
B570203,식료품
B570204,식료품
B570205,식료품
B570206,식료품
B570301,식료품
B570302,식료품
B580101,식료품
B580102,식료품
B580201,식료품
B580202,식료품
B590101,식료품
B590201,식료품
B590301,식료품
B590401,식료품
B590402,식료품
B590501,식료품
B600101,식료품
B610101,식료품
B610102,식료품
B610103,식료품
B610201,식료품
B610202,식료품
B620101,식료품
B620102,식료품
B620103,식료품
B620104,식료품
B620105,식료품
B620106,식료품
B620107,식료품
B620201,식료품
B620202,식료품
B630101,식료품
B630102,식료품
B630103,식료품
B630201,식료품
B630202,식료품
B630203,식료품
B630301,식료품
B630302,식료품
B630303,식료품
B630304,식료품
B630305,식료품
B630401,식료품
B630402,식료품
B630501,식료품
B630502,식료품
B630601,식료품
B630602,식료품
B630701,식료품
B630702,식료품
B630703,식료품
B630801,식료품
B630802,식료품
B630901,식료품
B630902,식료품
B630903,식료품
B640101,식료품
B640102,식료품
B640201,식료품
B640202,식료품
B640301,식료품
B640302,식료품
B640303,식료품
B640304,식료품
B640305,식료품
B640306,식료품
B640307,식료품
B640308,식료품
B640309,식료품
B640310,식료품
B640311,식료품
B640401,식료품
B640402,식료품
B640403,식료품
B640404,식료품
B640405,식료품
B640406,식료품
B650101,식료품
B650102,식료품
B650103,식료품
B650104,식료품
B650105,식료품
B650106,식료품
B650201,식료품
B650202,식료품
B650203,식료품
B650204,식료품
B650301,식료품
B650302,식료품
B650401,식료품
B650402,식료품
B650403,식료품
B650404,식료품
B650501,식료품
B650502,식료품
B650503,식료품
B650504,식료품
B650505,식료품
B650506,식료품
B650507,식료품
B650508,식료품
B650509,식료품
B650601,식료품
B660101,화장품
B660102,화장품
B660103,화장품
B660104,화장품
B660105,화장품
B660201,화장품
B660301,화장품
B660302,화장품
B660303,화장품
B660304,화장품
B660305,화장품
B660401,화장품
B660402,화장품
B660403,화장품
B660404,화장품
B660405,화장품
B660406,화장품
B660501,화장품
B660502,화장품
B660503,화장품
B660601,화장품
B660602,화장품
B660603,화장품
B660701,화장품
B660702,화장품
B660703,화장품
B660704,화장품
B660705,화장품
B660706,화장품
B660707,화장품
B660708,화장품
B660709,화장품
B660710,화장품
B660801,생활잡화
B660802,생활잡화
B660803,생활잡화
B660804,생활잡화
B660805,생활잡화
B670101,기타
B670102,기타
B670103,기타
B670104,기타
B670201,기타
B670202,기타
B670203,기타
B670204,기타
B670205,기타
B670206,기타
B670207,기타
B670208,기타
B670301,기타
B670302,기타
B670303,기타
B670304,기타
B670305,기타
B670306,기타
B670307,기타
B670401,기타
B670402,기타
B670403,기타
B670404,기타
B670405,기타
B680101,의류잡화
B680102,의류잡화
B680103,의류잡화
B680104,의류잡화
B680105,의류잡화
B680106,의류잡화
B680107,의류잡화
B680108,의류잡화
B680109,의류잡화
B680110,의류잡화
B680201,의류잡화
B680202,의류잡화
B680203,의류잡화
B680204,의류잡화
B680205,의류잡화
B680206,의류잡화
B680207,의류잡화
B680208,의류잡화
B680209,의류잡화
B680210,의류잡화
B680301,의류잡화
B680302,의류잡화
B680303,의류잡화
B680304,의류잡화
B680305,의류잡화
B680306,의류잡화
B680307,의류잡화
B680308,의류잡화
B680401,의류잡화
B680402,의류잡화
B680403,의류잡화
B680404,의류잡화
B680405,의류잡화
B680406,의류잡화
B680407,의류잡화
B680501,의류잡화
B680502,의류잡화
B680503,의류잡화
B680601,의류잡화
B680602,의류잡화
B680603,의류잡화
B680701,의류잡화
B680801,의류잡화
B680802,의류잡화
B680803,의류잡화
B680804,의류잡화
B680805,의류잡화
B690101,의류잡화
B690102,의류잡화
B690103,의류잡화
B690201,의류잡화
B690202,의류잡화
B690203,의류잡화
B690204,의류잡화
B690205,의류잡화
B690301,의류잡화
B690302,의류잡화
B690303,의류잡화
B690304,의류잡화
B690305,의류잡화
B690401,의류잡화
B690402,의류잡화
B690403,의류잡화
B690404,의류잡화
B690501,의류잡화
B690502,의류잡화
B700101,의류잡화
B700102,의류잡화
B700103,의류잡화
B700201,의류잡화
B700202,의류잡화
B700203,의류잡화
B700204,의류잡화
B700205,의류잡화
B700301,의류잡화
B700302,의류잡화
B700401,의류잡화
B700402,의류잡화
B700403,의류잡화
B700404,의류잡화
B700405,의류잡화
B700501,생활잡화
B700502,생활잡화
B700503,의류잡화
B700504,의류잡화
B700601,의류잡화
B700602,의류잡화
B700603,의류잡화
B700604,의류잡화
B700701,의류잡화
B700702,의류잡화
B700703,의류잡화
B700704,의류잡화
B710101,레저취미
B710102,레저취미
B710103,레저취미
B710201,레저취미
B710202,레저취미
B710203,레저취미
B710204,레저취미
B710301,레저취미
B710302,레저취미
B710303,레저취미
B710304,레저취미
B720101,식료품
B720102,식료품
B720103,식료품
B720104,식료품
B720105,식료품
B720106,식료품
B720107,식료품
B720108,식료품
B720109,식료품
B720110,식료품
B720201,식료품
B720202,식료품
B720203,식료품
B720204,식료품
B720205,식료품
B720206,식료품
B720207,식료품
B720301,식료품
B730101,식료품
B730102,식료품
B730103,식료품
B730104,식료품
B730201,식료품
B730202,식료품
B730203,식료품
B730204,식료품
B730205,식료품
B730301,식료품
B730302,식료품
B730303,식료품
B730304,식료품
B730401,식료품
B730402,식료품
B740101,식료품
B740102,식료품
B740201,식료품
B740202,식료품
B740203,식료품
B740204,식료품
B740301,식료품
B740302,식료품
B740401,식료품
B740402,식료품
B740403,식료품
B740501,식료품
B740502,식료품
B740503,식료품
B740601,식료품
B740602,식료품
B740603,식료품
B740604,식료품
B750101,식료품
B750102,식료품
B750103,식료품
B750201,고급식료품
B750202,고급식료품
B750203,고급식료품
B750204,고급식료품
B750205,고급식료품
B750206,고급식료품
B750301,고급식료품
B750302,고급식료품
B750303,고급식료품
B750304,고급식료품
B750401,기호품
B750402,기호품
B750501,고급식료품
B750502,고급식료품
B760101,식료품
B760102,식료품
B760201,식료품
B760202,식료품
B760301,식료품
B760401,식료품
B760402,식료품
B760403,식료품
B760404,식료품
B760501,식료품
B760502,식료품
B760503,식료품
B760504,식료품
B760505,식료품
B770101,식료품
B770102,식료품
B770103,식료품
B770201,식료품
B770202,식료품
B770203,식료품
B770204,식료품
B770301,식료품
B770302,식료품
B770303,식료품
B770304,식료품
B770401,식료품
B770402,식료품
B770403,식료품
B770501,식료품
B770601,식료품
B770602,식료품
B770603,식료품
B770701,식료품
B770702,식료품
B780101,식료품
B780102,식료품
B780201,식료품
B780202,식료품
B780203,식료품
B780204,식료품
B780205,식료품
B780206,식료품
B780207,식료품
B780208,식료품
B780209,식료품
B780301,식료품
B790101,식료품
B790102,식료품
B790103,식료품
B790104,식료품
B790105,식료품
B790106,식료품
B790107,식료품
B790201,식료품
B790202,식료품
B790203,식료품
B790204,식료품
B790205,식료품
B790206,식료품
B790207,식료품
B790208,식료품
B790209,식료품
B790210,식료품
B790211,식료품
B790212,식료품
B790301,식료품
B790302,식료품
B790303,식료품
B790304,식료품
B790305,식료품
B790306,식료품
B790307,식료품
B790308,식료품
B790309,식료품
B790310,식료품
B790311,식료품
B790312,식료품
B790313,식료품
B790401,식료품
B790402,식료품
B790403,식료품
B790404,식료품
B790405,식료품
B790406,식료품
B790501,식료품
B790502,식료품
B790503,식료품
B790601,식료품
B790602,식료품
B790701,식료품
B800101,식료품
B800102,식료품
B800103,식료품
B800201,식료품
B800202,식료품
B800203,식료품
B800204,식료품
B800301,식료품
B800302,식료품
B800303,식료품
B800401,식료품
B800402,식료품
B800501,식료품
B800502,식료품
B800601,식료품
B810101,식료품
B810102,식료품
B810201,식료품
B810202,식료품
B810301,식료품
B810302,식료품
B810303,식료품
B810401,식료품
B810402,식료품
B810403,식료품
B810501,식료품
B820101,식료품
B820102,식료품
B820103,식료품
B820201,식료품
B820202,식료품
B820203,식료품
B820204,식료품
B820205,식료품
B820301,식료품
B820302,식료품
B820401,식료품
B820402,식료품
B820403,식료품
B820404,식료품
B820501,식료품
B820502,식료품
B820503,식료품
B820504,식료품
B830101,식료품
B830102,식료품
B830103,식료품
B830104,식료품
B830201,식료품
B830202,식료품
B830203,식료품
B830204,식료품
B830205,식료품
B840101,생활잡화
B840102,생활잡화
B840103,생활잡화
B840104,생활잡화
B840105,생활잡화
B840106,생활잡화
B840107,생활잡화
B840108,생활잡화
B840109,생활잡화
B840201,생활잡화
B840202,생활잡화
B840203,생활잡화
B840301,생활잡화
B840302,생활잡화
B840303,생활잡화
B840304,생활잡화
B840305,생활잡화
B840306,생활잡화
B840307,생활잡화
B840308,생활잡화
B840309,생활잡화
B840310,생활잡화
B840401,생활잡화
B840402,생활잡화
B840403,생활잡화
B840404,생활잡화
B840405,생활잡화
B840406,생활잡화
B850101,전자제품
B850102,전자제품
B850103,전자제품
B850104,전자제품
B850105,전자제품
B850106,전자제품
B850107,전자제품
B850108,전자제품
B850201,전자제품
B850202,전자제품
B850203,전자제품
B850204,전자제품
B860101,생활잡화
B860102,생활잡화
B860103,생활잡화
B860201,생활잡화
B860202,생활잡화
B860203,생활잡화
B860301,생활잡화
B860302,생활잡화
B860401,생활잡화
B860402,생활잡화
B860403,생활잡화
B860404,생활잡화
B860405,생활잡화
B860406,생활잡화
B860501,생활잡화
B860601,생활잡화
B860602,생활잡화
B860603,생활잡화
B870101,가구류
B870102,가구류
B870103,가구류
B870104,가구류
B870105,가구류
B870201,가구류
B870202,가구류
B870203,가구류
B870301,생활잡화
B870302,생활잡화
B870401,전자제품
B870402,전자제품
B870403,생활잡화
B870404,생활잡화
B870501,생활잡화
B870502,생활잡화
B870503,생활잡화
B870504,생활잡화
B870505,생활잡화
B870601,생활잡화
B870602,생활잡화
B870603,생활잡화
B870604,생활잡화
B870701,생활잡화
B870702,생활잡화
B870703,생활잡화
B880101,가구류
B880102,가구류
B880103,가구류
B880104,가구류
B880105,가구류
B880106,가구류
B880201,가구류
B880301,가구류
B880302,가구류
B890101,식료품
B890102,식료품
B890103,식료품
B890104,식료품
B890201,식료품
B890202,식료품
B900101,화장품
B900102,화장품
B900103,화장품
B900201,화장품
B900202,화장품
B900203,화장품
B900204,화장품
B900205,화장품
B900206,화장품
B900301,화장품
B900401,화장품
B910101,식료품
B910102,식료품
B910103,식료품
B910104,식료품
B910105,식료품
B910106,식료품
B910107,식료품
B910108,식료품
B910109,식료품
B910201,식료품
B910202,식료품
B910203,식료품
B910204,식료품
B910205,식료품
B910206,식료품
B910207,식료품
B910208,식료품
B910209,식료품
B910301,식료품
B920101,식료품
B920102,식료품
B920103,식료품
B920104,식료품
B920105,식료품
B920201,식료품
B920202,식료품
B920203,식료품
B920301,식료품
B920302,식료품
B920303,식료품
B920304,식료품
B920305,식료품
B920401,식료품
B920501,식료품
B920502,식료품
B920503,식료품
B920504,식료품
B920505,식료품
B920506,식료품
B920507,식료품
B920508,식료품
B920509,식료품
B920601,식료품
B920602,식료품
B920603,식료품
C010101,식료품
C010102,식료품
C010103,식료품
C010104,식료품
C010105,식료품
C010106,식료품
C010107,식료품
C010108,식료품
C010109,식료품
C010110,식료품
C010111,식료품
C010112,식료품
C010113,식료품
C010114,식료품
C010115,식료품
C010116,식료품
C010117,식료품
C010118,식료품
C010119,식료품
C010120,식료품
C010121,식료품
C010122,식료품
C010201,식료품
C010202,식료품
C010203,식료품
C010204,식료품
C010205,식료품
C010206,식료품
C010207,식료품
C010208,식료품
C010209,식료품
C010210,식료품
C010211,식료품
C010212,식료품
C010213,식료품
C010214,식료품
C010215,식료품
C010216,식료품
C010301,식료품
C010302,식료품
C010303,식료품
C010304,식료품
C010401,식료품
C010402,식료품
C010403,식료품
C010501,식료품
C010502,식료품
C010503,식료품
C010504,식료품
C010505,식료품
C010506,식료품
C010507,식료품
C010508,식료품
C010509,식료품
C020101,식료품
C020102,식료품
C020103,식료품
C020201,식료품
C020202,식료품
C020203,식료품
C020204,식료품
C020205,식료품
C020206,식료품
C020207,식료품
C020208,식료품
C020301,식료품
C020302,식료품
C030101,식료품
C030102,식료품
C030103,식료품
C030104,식료품
C030105,식료품
C030106,식료품
C030107,식료품
C030108,식료품
C030109,식료품
C030110,식료품
C030111,식료품
C030201,식료품
C030202,식료품
C030203,식료품
C030204,식료품
C030205,식료품
C030206,식료품
C030207,식료품
C030208,식료품
C030209,식료품
C030210,식료품
C030301,식료품
C030302,식료품
C030303,식료품
C030304,식료품
C030305,식료품
C030306,식료품
C030307,식료품
C030308,식료품
C030309,식료품
C030310,식료품
C030311,식료품
C030312,식료품
C030313,식료품
C030314,식료품
C030315,식료품
C030316,식료품
C030401,식료품
C030402,식료품
C030403,식료품
C030404,식료품
C030405,식료품
C030501,식료품
C030502,식료품
C030503,식료품
C030504,식료품
C030505,식료품
C030506,식료품
C030507,식료품
C030508,식료품
C030601,식료품
C030602,식료품
C030603,식료품
C030604,식료품
C030605,식료품
C030606,식료품
C030607,식료품
C030608,식료품
C030609,식료품
C030610,식료품
C030611,식료품
C030701,식료품
C030702,식료품
C030703,식료품
C030704,식료품
C030705,식료품
C030706,식료품
C030707,식료품
C030708,식료품
C030801,식료품
C030802,식료품
C030803,식료품
C030804,식료품
C030805,식료품
C030806,식료품
C030807,식료품
C030808,식료품
C030809,식료품
C030901,식료품
C030902,식료품
C030903,식료품
C030904,식료품
C040101,식료품
C040102,식료품
C040103,식료품
C040104,식료품
C040105,식료품
C040106,식료품
C040107,식료품
C040108,식료품
C040109,식료품
C040110,식료품
C040111,식료품
C040112,식료품
C040113,식료품
C040114,식료품
C040115,식료품
C040116,식료품
C040117,식료품
C040118,식료품
C040119,식료품
C040120,식료품
C040121,식료품
C040122,식료품
C040123,식료품
C040124,식료품
C040125,식료품
C040126,식료품
C040127,식료품
C040201,식료품
C040202,식료품
C040203,식료품
C040204,식료품
C040205,식료품
C040206,식료품
C040207,식료품
C040208,식료품
C040209,식료품
C040210,식료품
C040211,식료품
C040212,식료품
C040213,식료품
C040214,식료품
C040215,식료품
C040216,식료품
C040301,식료품
C040302,식료품
C040303,식료품
C040304,식료품
C040305,식료품
C040306,식료품
C040307,식료품
C040308,식료품
C040309,식료품
C040310,식료품
C040311,식료품
C040401,식료품
C040402,식료품
C040403,식료품
C040404,식료품
C040405,식료품
C040406,식료품
C040407,식료품
C040408,식료품
C040409,식료품
C040410,식료품
C040501,식료품
C040502,식료품
C040503,식료품
C040504,식료품
C040505,식료품
C040506,식료품
C040507,식료품
C040508,식료품
C040509,식료품
C040510,식료품
C040511,식료품
C040512,식료품
C040513,식료품
C040514,식료품
C040515,식료품
C040516,식료품
C040517,식료품
C040518,식료품
C040519,식료품
C040520,식료품
C040521,식료품
C040522,식료품
C040523,식료품
C040524,식료품
C040525,식료품
C040526,식료품
C040527,식료품
C040601,식료품
C040602,식료품
C040603,식료품
C040604,식료품
C040605,식료품
C040606,식료품
C050101,식료품
C050102,식료품
C050103,식료품
C050104,식료품
C050105,식료품
C050106,식료품
C050107,식료품
C050108,식료품
C050109,식료품
C050110,식료품
C050111,식료품
C050112,식료품
C050113,식료품
C050114,식료품
C050201,식료품
C050202,식료품
C050203,식료품
C050204,식료품
C050205,식료품
C050206,식료품
C050207,식료품
C050208,식료품
C050209,식료품
C050210,식료품
C050211,식료품
C050212,식료품
C050213,식료품
C050301,식료품
C050302,식료품
C050303,식료품
C050304,식료품
C050305,식료품
C050306,식료품
C050307,식료품
C050308,식료품
C050309,식료품
C050310,식료품
C050401,식료품
C050402,식료품
C050403,식료품
C050404,식료품
C050405,식료품
C050406,식료품
C050407,식료품
C050408,식료품
C050409,식료품
C050410,식료품
C050411,식료품
C050412,식료품
C050413,식료품
C050414,식료품
C050415,식료품
C050416,식료품
C050417,식료품
C050418,식료품
C050419,식료품
C050420,식료품
C050421,식료품
C050422,식료품
C050423,식료품
C050424,식료품
C050501,식료품
C050502,식료품
C050503,식료품
C050601,식료품
C050602,식료품
C050603,식료품
C050604,식료품
C050605,식료품
C060101,식료품
C060102,식료품
C060103,식료품
C060104,식료품
C060105,식료품
C060106,식료품
C060107,식료품
C060108,식료품
C060201,식료품
C060202,식료품
C060203,식료품
C060204,식료품
C060205,식료품
C060206,식료품
C060301,식료품
C060302,식료품
C060303,식료품
C060304,식료품
C060305,식료품
C060306,식료품
C060307,식료품
C060308,식료품
C060309,식료품
C060401,식료품
C060402,식료품
C060403,식료품
C060404,식료품
C060405,식료품
C060406,식료품
C060407,식료품
C060501,식료품
C060502,식료품
C060503,식료품
C060504,식료품
C060505,식료품
C060506,식료품
C070101,식료품
C070102,식료품
C070103,식료품
C070104,식료품
C070201,식료품
C070202,식료품
C070203,식료품
C070301,식료품
C070302,식료품
C070401,식료품
C070402,식료품
C070403,식료품
C080101,식료품
C080102,식료품
C080103,식료품
C080201,식료품
C080202,식료품
C080203,식료품
C080204,식료품
C080205,식료품
C080301,식료품
C080302,식료품
C080303,식료품
C080304,식료품
C090101,식료품
C090102,식료품
C090103,식료품
C090104,식료품
C090105,식료품
C090106,식료품
C090107,식료품
C090108,식료품
C090201,식료품
C100101,식료품
C100102,식료품
C100103,식료품
C100104,식료품
C100105,식료품
C100106,식료품
C100107,식료품
C100201,식료품
C100202,식료품
C100203,식료품
C100204,식료품
C100301,식료품
C100302,식료품
C100303,식료품
C100304,식료품
C100305,식료품
C100306,식료품
C100401,식료품
C100402,식료품
C100403,식료품
C100404,식료품
C100405,식료품
C100406,식료품
C100407,식료품
C100408,식료품
C100409,식료품
C100410,식료품
C110101,식료품
C110201,식료품
C110202,식료품
C110203,식료품
C110204,식료품
C110205,식료품
C110301,식료품
C110302,식료품
C110303,식료품
C110304,식료품
C110305,식료품
C110401,식료품
C110402,식료품
C110501,식료품
C110502,식료품
C110601,식료품
C110602,식료품
C110603,식료품
C110604,식료품
C110605,식료품
C110606,식료품
C110607,식료품
C110701,식료품
C110702,식료품
C110703,식료품
C120101,기호품
C120102,기호품
C120103,기호품
C120201,기호품
C120202,기호품
C120301,기호품
C120302,기호품
C120303,기호품
C120304,기호품
C120401,기호품
C120402,기호품
C120403,기호품
C120404,기호품
C120501,기호품
C120502,기호품
C120503,기호품
C120504,기호품
C120505,기호품
C120506,기호품
C120507,기호품
C120601,기호품
C130101,식료품
C130102,식료품
C130103,식료품
C130104,식료품
C130105,식료품
C130106,식료품
C130107,식료품
C130108,식료품
C130109,식료품
C130110,식료품
C130111,식료품
C130112,식료품
C130113,식료품
C130114,식료품
C130115,식료품
C130116,식료품
C130201,기호품
C130202,기호품
C130203,기호품
C130204,기호품
C130205,기호품
C130206,기호품
C130207,기호품
C130208,기호품
C130209,기호품
C130210,기호품
C130301,기호품
C130302,기호품
C130401,식료품
C130402,식료품
C130403,식료품
C130404,식료품
C130501,기호품
C130502,기호품
C130503,기호품
C130504,기호품
C130505,기호품
C130506,기호품
C130507,기호품
C130508,기호품
C130509,기호품
C130601,고급식료품
C130602,고급식료품
C130603,고급식료품
C130604,고급식료품
C130605,고급식료품
C130606,고급식료품
C130607,고급식료품
C130608,고급식료품
C130701,식료품
C130702,식료품
C130703,식료품
C130704,식료품
C130705,식료품
C130706,식료품
C130707,식료품
C130708,식료품
C130709,식료품
C130710,식료품
C130711,식료품
C130712,식료품
C130801,식료품
C130802,식료품
C130803,식료품
C140101,식료품
C140102,식료품
C140103,식료품
C140104,식료품
C140105,식료품
C140201,식료품
C140202,식료품
C140203,식료품
C140204,식료품
C140205,식료품
C140206,식료품
C140207,식료품
C140208,식료품
C140209,식료품
C140301,식료품
C140302,식료품
C140303,식료품
C140304,식료품
C140305,식료품
C140306,식료품
C140307,식료품
C140308,식료품
C140309,식료품
C140310,식료품
C140311,식료품
C140312,식료품
C140313,식료품
C140314,식료품
C140401,식료품
C140402,식료품
C140403,식료품
C140404,식료품
C140405,식료품
C140406,식료품
C140407,식료품
C140501,식료품
C140502,식료품
C140601,식료품
C140602,식료품
C140603,식료품
C140604,식료품
C140605,식료품
C140606,식료품
C140607,식료품
C140608,식료품
C140609,식료품
C140610,식료품
C140611,식료품
C150101,식료품
C150102,식료품
C150103,식료품
C150201,식료품
C150202,식료품
C150203,식료품
C150204,식료품
C150205,식료품
C150206,식료품
C150301,식료품
C150302,식료품
C150303,식료품
C150304,식료품
C150305,식료품
C150306,식료품
C150307,식료품
C150401,식료품
C150402,식료품
C150403,식료품
C150404,식료품
C150405,식료품
C150406,식료품
C150407,식료품
C150501,식료품
C150502,식료품
C150503,식료품
C150504,식료품
C150505,식료품
C150506,식료품
C150507,식료품
C150508,식료품
C150509,식료품
C150510,식료품
C150511,식료품
C150601,식료품
C150602,식료품
C150603,식료품
C150604,식료품
C150701,식료품
C150801,식료품
C150802,식료품
C160101,생활잡화
C160102,생활잡화
C160103,생활잡화
C160104,생활잡화
C160105,생활잡화
C160106,생활잡화
C160107,생활잡화
C160108,생활잡화
C160201,생활잡화
C160202,생활잡화
C160203,생활잡화
C160204,생활잡화
C160205,생활잡화
C160206,생활잡화
C160301,생활잡화
C160302,생활잡화
C160303,생활잡화
C160304,생활잡화
C160305,생활잡화
C160306,생활잡화
C160307,생활잡화
C160308,생활잡화
C160309,생활잡화
C160310,생활잡화
C160311,생활잡화
C160312,생활잡화
C160313,생활잡화
C160314,생활잡화
C160315,생활잡화
C160401,생활잡화
C160402,생활잡화
C160403,생활잡화
C160404,생활잡화
C160405,생활잡화
C160406,생활잡화
C160407,생활잡화
C160408,생활잡화
C160409,생활잡화
C160501,화장품
C160502,화장품
C160503,화장품
C160504,화장품
C160505,화장품
C160506,화장품
C160507,화장품
C160508,화장품
C160509,화장품
C160510,화장품
C160511,화장품
C160512,화장품
C160513,화장품
C160514,화장품
C160515,화장품
C160601,생활잡화
C160602,생활잡화
C160603,생활잡화
C160604,생활잡화
C160605,생활잡화
C160606,생활잡화
C160607,생활잡화
C160608,생활잡화
C160609,생활잡화
C160701,생활잡화
C160702,생활잡화
C160703,생활잡화
C160704,생활잡화
C160705,생활잡화
C160801,생활잡화
C160802,생활잡화
C160803,생활잡화
C160804,생활잡화
C160805,생활잡화
C160806,생활잡화
C160901,생활잡화
C160902,생활잡화
C160903,생활잡화
C160904,생활잡화
C160905,생활잡화
C160906,생활잡화
C160907,생활잡화
C160908,생활잡화
C160909,생활잡화
C160910,생활잡화
C160911,생활잡화
C160912,생활잡화
C160913,생활잡화
C160914,생활잡화
C160915,생활잡화
C160916,생활잡화
C160917,생활잡화
C160918,생활잡화
C160919,생활잡화
C160920,생활잡화
C160921,생활잡화
C160922,생활잡화
C160923,생활잡화
C170101,생활잡화
C170102,생활잡화
C170103,생활잡화
C170104,생활잡화
C170105,생활잡화
C170106,생활잡화
C170107,생활잡화
C170108,생활잡화
C170109,생활잡화
C170110,생활잡화
C170111,생활잡화
C170112,생활잡화
C170113,생활잡화
C170114,생활잡화
C170115,생활잡화
C170116,생활잡화
C170117,생활잡화
C170118,생활잡화
C170119,생활잡화
C170120,생활잡화
C170121,생활잡화
C170122,생활잡화
C170123,생활잡화
C170124,생활잡화
C170125,생활잡화
C170126,생활잡화
C170127,생활잡화
C170128,생활잡화
C170129,생활잡화
C170130,생활잡화
C170131,생활잡화
C170132,생활잡화
C170133,생활잡화
C170134,생활잡화
C170135,생활잡화
C170136,생활잡화
C170137,생활잡화
C170138,생활잡화
C170139,생활잡화
C170140,생활잡화
C170141,생활잡화
C170142,생활잡화
C170143,생활잡화
C170144,생활잡화
C170145,생활잡화
C170146,생활잡화
C170147,생활잡화
C170148,생활잡화
C170149,생활잡화
C170150,생활잡화
C170151,생활잡화
C170152,생활잡화
C170153,생활잡화
C170154,생활잡화
C170155,생활잡화
C170156,생활잡화
C170157,생활잡화
C170158,생활잡화
C170159,생활잡화
C170160,생활잡화
C170161,생활잡화
C170162,생활잡화
C170201,생활잡화
C170202,생활잡화
C170203,생활잡화
C170204,생활잡화
C170205,생활잡화
C170206,생활잡화
C170207,생활잡화
C170208,생활잡화
C170209,생활잡화
C170210,생활잡화
C170211,생활잡화
C170212,생활잡화
C170213,생활잡화
C170214,생활잡화
C170215,생활잡화
C170216,생활잡화
C170217,생활잡화
C170218,생활잡화
C170219,생활잡화
C170220,생활잡화
C170221,생활잡화
C170222,생활잡화
C170223,생활잡화
C170301,생활잡화
C170302,생활잡화
C170303,생활잡화
C170304,생활잡화
C170305,생활잡화
C170306,생활잡화
C170307,생활잡화
C170308,문구류
C170309,문구류
C170310,생활잡화
C170311,전자제품
C170312,전자제품
C170313,전자제품
C170314,전자제품
C170315,전자제품
C170316,전자제품
C170317,전자제품
C170318,전자제품
C170319,전자제품
C170320,전자제품
C170321,전자제품
C170322,전자제품
C170323,전자제품
C170324,전자제품
C170325,전자제품
C170326,전자제품
C170327,전자제품
C170328,생활잡화
C170329,생활잡화
C170330,전자제품
C170331,전자제품
C170332,전자제품
C170333,전자제품
C170334,전자제품
C170335,전자제품
C170336,전자제품
C170337,전자제품
C170338,전자제품
C170339,전자제품
C170340,전자제품
C170341,전자제품
C170342,전자제품
C170343,전자제품
C170344,전자제품
C170345,전자제품
C170346,전자제품
C170347,전자제품
C170348,전자제품
C170349,전자제품
C170350,전자제품
C170351,전자제품
C170352,전자제품
C170353,전자제품
C170354,전자제품
C170355,고급식료품
C170356,고급식료품
C170357,전자제품
C170401,의류잡화
C170402,의류잡화
C170403,의류잡화
C170404,의류잡화
C170405,의류잡화
C170406,의류잡화
C170407,의류잡화
C170408,의류잡화
C170409,의류잡화
C170410,의류잡화
C170411,의류잡화
C170412,의류잡화
C170413,의류잡화
C170414,의류잡화
C170415,의류잡화
C170416,의류잡화
C170417,의류잡화
C170418,의류잡화
C170419,의류잡화
C170420,의류잡화
C170421,의류잡화
C170422,의류잡화
C170423,의류잡화
C170424,의류잡화
C170425,의류잡화
C170426,의류잡화
C170427,의류잡화
C170428,생활잡화
C170429,생활잡화
C170430,생활잡화
C170431,생활잡화
C170432,생활잡화
C170433,생활잡화
C170434,생활잡화
C170435,생활잡화
C170436,가구류
C170437,가구류
C170438,가구류
C170501,가구류
C170502,레저취미
C170503,레저취미
C170504,레저취미
C170505,레저취미
C170506,레저취미
C170507,레저취미
C170508,레저취미
C170509,레저취미
C170510,레저취미
C170511,레저취미
C170512,레저취미
C170513,레저취미
C170514,차량용품
C170515,차량용품
C170516,차량용품
C170517,차량용품
C170518,차량용품
C170519,차량용품
C170520,차량용품
C170521,차량용품
C170522,차량용품
C170523,차량용품
C170524,차량용품
C170525,차량용품
C170526,레저취미
C170527,레저취미
C170528,레저취미
C170529,레저취미
C170530,레저취미
C170531,레저취미
C170532,레저취미
C170533,레저취미
C170534,레저취미
C170535,생활잡화
C170601,문구류
C170602,문구류
C170603,문구류
C170604,문구류
C170605,문구류
C170606,문구류
C170607,문구류
C170608,문구류
C170609,문구류
C170610,문구류
C170611,문구류
C170612,문구류
C170613,문구류
C170614,문구류
C170615,문구류
C170616,문구류
C170617,문구류
C170618,문구류
C170619,문구류
C170620,문구류
C170621,문구류
C170622,문구류
C170623,문구류
C170624,문구류
C170625,문구류
C170626,문구류
C170627,문구류
C170628,문구류
C170629,문구류
C170630,문구류
C170631,문구류
C170632,문구류
C170633,문구류
C170634,문구류
C170635,문구류
C170636,문구류
C170637,문구류
C170638,문구류
C170639,문구류
C170640,문구류
C170641,문구류
C170642,문구류
C170643,문구류
C170644,문구류
C170645,문구류
C170646,도서음반
C170647,도서음반
C170648,도서음반
C170649,문구류
C170650,문구류
C170651,문구류
C170652,문구류
C170653,문구류
C170654,문구류
C170655,문구류
C170656,레저취미
C170657,문구류
C170658,레저취미
C170659,레저취미
C170660,문구류
C170661,의류잡화
C170662,문구류
C170663,문구류
C170664,레저취미
C170665,문구류
C170701,생활잡화
D010101,화장품
D010102,화장품
D010103,화장품
D010104,화장품
D010105,화장품
D010106,화장품
D010107,화장품
D010201,화장품
D010202,화장품
D010301,화장품
D010401,화장품
D010501,화장품
D010502,화장품
D010503,화장품
D010504,화장품
D010505,화장품
D010506,화장품
D010507,화장품
D010601,화장품
D010602,생활잡화
D010603,생활잡화
D010604,생활잡화
D020101,생활잡화
D020102,생활잡화
D020103,생활잡화
D020104,생활잡화
D020105,생활잡화
D020106,생활잡화
D020107,생활잡화
D020108,생활잡화
D020201,생활잡화
D020202,생활잡화
D020203,생활잡화
D020204,생활잡화
D020205,생활잡화
D020206,생활잡화
D020207,생활잡화
D020301,화장품
D020302,화장품
D020303,화장품
D020304,화장품
D020401,생활잡화
D020402,생활잡화
D020403,생활잡화
D020404,생활잡화
D020405,생활잡화
D020406,생활잡화
D020501,생활잡화
D020502,생활잡화
D020503,생활잡화
D020504,생활잡화
D030101,레저취미
D030102,레저취미
D030103,레저취미
D030201,식료품
D030202,식료품
D030203,식료품
D030204,식료품
D030205,식료품
D030206,식료품
D030207,식료품
D030301,식료품
D030302,생활잡화
D030303,생활잡화
D030304,생활잡화
D030305,생활잡화
D030306,생활잡화
D040101,식료품
D040102,식료품
D040103,식료품
D040104,식료품
D040105,식료품
D040106,식료품
D040107,식료품
D040108,식료품
D040109,식료품
D040110,식료품
D040111,식료품
D040112,식료품
D040201,식료품
D040202,식료품
D040203,식료품
D040204,식료품
D040205,식료품
D040206,식료품
D040207,식료품
D040208,식료품
D040209,식료품
D040210,식료품
D040211,식료품
D040212,식료품
D040213,식료품
D040214,식료품
D040215,식료품
D040216,식료품
D040217,식료품
D040218,식료품
D040219,식료품
D040220,식료품
D040221,식료품
D040222,식료품
D040223,식료품
D050101,생활잡화
D050102,생활잡화
D050103,생활잡화
D050201,생활잡화
D050202,생활잡화
D050203,생활잡화
D050204,생활잡화
D050205,생활잡화
D050301,전자제품
D050302,전자제품
D060101,생활잡화
D060102,생활잡화
D060103,생활잡화
D060104,생활잡화
D060105,생활잡화
D060106,생활잡화
D060107,생활잡화
D060108,생활잡화
D060109,생활잡화
D060201,생활잡화
D060202,생활잡화
D060203,생활잡화
D060301,생활잡화
D060302,생활잡화
D060401,문구류
D060501,생활잡화
D060502,전자제품
D060601,전자제품
D060701,레저취미
D060801,레저취미
D070101,화장품
D070201,화장품
D080101,화장품
D080102,화장품
D080103,화장품
D080201,화장품
D080202,화장품
D080203,화장품
D080204,화장품
D080205,화장품
D080301,화장품
D080302,화장품
D080401,화장품
